player_id,gsis_id,first_name,last_name,position,last_changed_date
1001,00-0023459,Aaron,Rodgers,QB,2024-04-18
1002,00-0023853,Matt,Prater,K,2024-04-18
1003,00-0024243,Marcedes,Lewis,TE,2024-04-18
1004,00-0025565,Nick,Folk,K,2024-04-18
1005,00-0025580,Mason,Crosby,K,2024-04-18
1006,00-0026158,Joe,Flacco,QB,2024-04-18
1007,00-0026293,Matt,Slater,WR,2024-04-18
1008,00-0026300,Josh,Johnson,QB,2024-04-18
1009,00-0026498,Matthew,Stafford,QB,2024-04-18
1010,00-0026625,Brian,Hoyer,QB,2024-04-18
1011,00-0026858,Graham,Gano,K,2024-04-18
1012,00-0027688,Colt,McCoy,QB,2024-04-18
1013,00-0027696,Jimmy,Graham,TE,2024-04-18
1014,00-0027944,Julio,Jones,WR,2024-04-18
1015,00-0027948,Blaine,Gabbert,QB,2024-04-18
1016,00-0027973,Andy,Dalton,QB,2024-04-18
1017,00-0028002,Randall,Cobb,WR,2024-04-18
1018,00-0028063,Taiwan,Jones,RB,2024-04-18
1019,00-0028118,Tyrod,Taylor,QB,2024-04-18
1020,00-0028986,Case,Keenum,QB,2024-04-18
1021,00-0029000,Cole,Beasley,WR,2024-04-18
1022,00-0029239,Brandon,Bolden,RB,2024-04-18
1023,00-0029263,Russell,Wilson,QB,2024-04-18
1024,00-0029293,Marvin,Jones,WR,2024-04-18
1025,00-0029421,Randy,Bullock,K,2024-04-18
1026,00-0029597,Justin,Tucker,K,2024-04-18
1027,00-0029604,Kirk,Cousins,QB,2024-04-18
1028,00-0029621,Greg,Zuerlein,K,2024-04-18
1029,00-0029701,Ryan,Tannehill,QB,2024-04-18
1030,00-0029822,Brandon,McManus,K,2024-04-18
1031,00-0029892,Kyle,Juszczyk,RB,2024-04-18
1032,00-0030035,Adam,Thielen,WR,2024-04-18
1033,00-0030061,Zach,Ertz,TE,2024-04-18
1034,00-0030068,Marquise,Goodwin,WR,2024-04-18
1035,00-0030098,Dustin,Hopkins,K,2024-04-18
1036,00-0030279,Keenan,Allen,WR,2024-04-18
1037,00-0030332,Brett,Maher,K,2024-04-18
1038,00-0030431,Robert,Woods,WR,2024-04-18
1039,00-0030506,Travis,Kelce,TE,2024-04-18
1040,00-0030513,Latavius,Murray,RB,2024-04-18
1041,00-0030533,Matt,Barkley,QB,2024-04-18
1042,00-0030564,DeAndre,Hopkins,WR,2024-04-18
1043,00-0030565,Geno,Smith,QB,2024-04-18
1044,00-0030578,Cordarrelle,Patterson,RB,2024-04-18
1045,00-0030663,Willie,Snead,WR,2024-04-18
1046,00-0030874,Damien,Williams,RB,2024-04-18
1047,00-0030968,Keith,Smith,RB,2024-04-18
1048,00-0031136,Chris,Boswell,K,2024-04-18
1049,00-0031203,Cairo,Santos,K,2024-04-18
1050,00-0031235,Odell,Beckham Jr.,WR,2024-04-18
1051,00-0031236,Brandin,Cooks,WR,2024-04-18
1052,00-0031237,Teddy,Bridgewater,QB,2024-04-18
1053,00-0031260,Logan,Thomas,TE,2024-04-18
1054,00-0031280,Derek,Carr,QB,2024-04-18
1055,00-0031288,AJ,McCarron,QB,2024-04-18
1056,00-0031299,Jordan,Matthews,TE,2024-04-18
1057,00-0031345,Jimmy,Garoppolo,QB,2024-04-18
1058,00-0031373,Martavis,Bryant,WR,2024-04-18
1059,00-0031376,Jerick,McKinnon,RB,2024-04-18
1060,00-0031381,Davante,Adams,WR,2024-04-18
1061,00-0031408,Mike,Evans,WR,2024-04-18
1062,00-0031428,Allen,Robinson,WR,2024-04-18
1063,00-0031484,Chris,Manhertz,TE,2024-04-18
1064,00-0031492,Jason,Myers,K,2024-04-18
1065,00-0031503,Jameis,Winston,QB,2024-04-18
1066,00-0031544,Amari,Cooper,WR,2024-04-18
1067,00-0031547,DeVante,Parker,WR,2024-04-18
1068,00-0031549,Nelson,Agholor,WR,2024-04-18
1069,00-0031585,MyCole,Pruitt,TE,2024-04-18
1070,00-0031588,Stefon,Diggs,WR,2024-04-18
1071,00-0031595,Michael,Burton,RB,2024-04-18
1072,00-0031610,Darren,Waller,TE,2024-04-18
1073,00-0031687,Raheem,Mostert,RB,2024-04-18
1074,00-0031690,Eric,Tomlinson,TE,2024-04-18
1075,00-0031763,DeAndre,Carter,WR,2024-04-18
1076,00-0031800,Taylor,Heinicke,QB,2024-04-18
1077,00-0031868,Damiere,Byrd,WR,2024-04-18
1078,00-0031941,Jamison,Crowder,WR,2024-04-18
1079,00-0032009,Adam,Humphries,WR,2024-04-18
1080,00-0032054,Breshad,Perriman,WR,2024-04-18
1081,00-0032062,Blake,Bell,TE,2024-04-18
1082,00-0032104,Ameer,Abdullah,RB,2024-04-18
1083,00-0032128,Chris,Conley,WR,2024-04-18
1084,00-0032134,C.J.,Uzomah,TE,2024-04-18
1085,00-0032135,Jesse,James,TE,2024-04-18
1086,00-0032141,Geoff,Swaim,TE,2024-04-18
1087,00-0032144,Melvin,Gordon,RB,2024-04-18
1088,00-0032156,Trevor,Siemian,QB,2024-04-18
1089,00-0032200,Ty,Montgomery,WR,2024-04-18
1090,00-0032208,Phillip,Dorsett,WR,2024-04-18
1091,00-0032211,Tyler,Lockett,WR,2024-04-18
1092,00-0032214,Tyler,Kroft,TE,2024-04-18
1093,00-0032245,Sean,Mannion,QB,2024-04-18
1094,00-0032268,Marcus,Mariota,QB,2024-04-18
1095,00-0032385,Sterling,Shepard,WR,2024-04-18
1096,00-0032392,Austin,Hooper,TE,2024-04-18
1097,00-0032394,Nick,Vannett,TE,2024-04-18
1098,00-0032398,Chris,Moore,WR,2024-04-18
1099,00-0032434,Brandon,Allen,QB,2024-04-18
1100,00-0032436,Jeff,Driskel,QB,2024-04-18
1101,00-0032450,Dwayne,Washington,RB,2024-04-18
1102,00-0032464,Kalif,Raymond,WR,2024-04-18
1103,00-0032543,Alex,Erickson,WR,2024-04-18
1104,00-0032569,Wil,Lutz,K,2024-04-18
1105,00-0032688,Robbie,Chosen,WR,2024-04-18
1106,00-0032725,Stephen,Anderson,TE,2024-04-18
1107,00-0032726,Ka'imi,Fairbairn,K,2024-04-18
1108,00-0032764,Derrick,Henry,RB,2024-04-18
1109,00-0032765,Michael,Thomas,WR,2024-04-18
1110,00-0032775,Demarcus,Robinson,WR,2024-04-18
1111,00-0032791,Jakeem,Grant,WR,2024-04-18
1112,00-0032792,Nate,Sudfeld,QB,2024-04-18
1113,00-0032918,C.J.,Ham,RB,2024-04-18
1114,00-0032950,Carson,Wentz,QB,2024-04-18
1115,00-0032951,Laquon,Treadwell,WR,2024-04-18
1116,00-0032975,Jonathan,Williams,RB,2024-04-18
1117,00-0032986,J.P.,Holtz,TE,2024-04-18
1118,00-0033006,Jaydon,Mickens,WR,2024-04-18
1119,00-0033009,Tyler,Boyd,WR,2024-04-18
1120,00-0033040,Tyreek,Hill,WR,2024-04-18
1121,00-0033045,Ezekiel,Elliott,RB,2024-04-18
1122,00-0033077,Dak,Prescott,QB,2024-04-18
1123,00-0033090,Hunter,Henry,TE,2024-04-18
1124,00-0033106,Jared,Goff,QB,2024-04-18
1125,00-0033110,Tyler,Higbee,TE,2024-04-18
1126,00-0033118,Kenyan,Drake,RB,2024-04-18
1127,00-0033119,Jacoby,Brissett,QB,2024-04-18
1128,00-0033217,Mo,Alie-Cox,TE,2024-04-18
1129,00-0033246,Johnny,Mundt,TE,2024-04-18
1130,00-0033251,Zach,Pascal,WR,2024-04-18
1131,00-0033258,Darrell,Daniels,TE,2024-04-18
1132,00-0033275,PJ,Walker,QB,2024-04-18
1133,00-0033280,Christian,McCaffrey,RB,2024-04-18
1134,00-0033282,Curtis,Samuel,WR,2024-04-18
1135,00-0033288,George,Kittle,TE,2024-04-18
1136,00-0033292,Trent,Taylor,WR,2024-04-18
1137,00-0033293,Aaron,Jones,RB,2024-04-18
1138,00-0033296,Alex,Armah,RB,2024-04-18
1139,00-0033303,Harrison,Butker,K,2024-04-18
1140,00-0033307,Kendrick,Bourne,WR,2024-04-18
1141,00-0033308,Matt,Breida,RB,2024-04-18
1142,00-0033319,Nick,Mullens,QB,2024-04-18
1143,00-0033357,Taysom,Hill,QB,2024-04-18
1144,00-0033375,Tim,Patrick,WR,2024-04-18
1145,00-0033376,Patrick,Ricard,RB,2024-04-18
1146,00-0033387,Jacob,Hollister,TE,2024-04-18
1147,00-0033439,Pharaoh,Brown,TE,2024-04-18
1148,00-0033455,Anthony,Firkser,TE,2024-04-18
1149,00-0033460,John,Ross,WR,2024-04-18
1150,00-0033466,Isaiah,McKenzie,WR,2024-04-18
1151,00-0033471,Isaiah,Ford,WR,2024-04-18
1152,00-0033481,Marcus,Kemp,WR,2024-04-18
1153,00-0033526,Samaje,Perine,RB,2024-04-18
1154,00-0033536,Mike,Williams,WR,2024-04-18
1155,00-0033537,Deshaun,Watson,QB,2024-04-18
1156,00-0033553,James,Conner,RB,2024-04-18
1157,00-0033555,Mack,Hollins,WR,2024-04-18
1158,00-0033556,Tarik,Cohen,RB,2024-04-18
1159,00-0033567,Brian,Hill,RB,2024-04-18
1160,00-0033572,Jamal,Agnew,WR,2024-04-18
1161,00-0033576,Eric,Saubert,TE,2024-04-18
1162,00-0033589,David,Moore,WR,2024-04-18
1163,00-0033591,Noah,Brown,WR,2024-04-18
1164,00-0033611,Ricky,Seals-Jones,TE,2024-04-18
1165,00-0033662,Cooper,Rush,QB,2024-04-18
1166,00-0033681,Keelan,Cole,WR,2024-04-18
1167,00-0033699,Austin,Ekeler,RB,2024-04-18
1168,00-0033702,Younghoe,Koo,K,2024-04-18
1169,00-0033720,Colin,Thompson,TE,2024-04-18
1170,00-0033725,Corey,Clement,RB,2024-04-18
1171,00-0033733,Greg,Ward,WR,2024-04-18
1172,00-0033757,Robert,Tonyan,TE,2024-04-18
1173,00-0033787,Jake,Elliott,K,2024-04-18
1174,00-0033798,Mason,Schreck,TE,2024-04-18
1175,00-0033854,Dare,Ogunbowale,RB,2024-04-18
1176,00-0033856,Leonard,Fournette,RB,2024-04-18
1177,00-0033857,JuJu,Smith-Schuster,WR,2024-04-18
1178,00-0033858,Jonnu,Smith,TE,2024-04-18
1179,00-0033862,Zane,Gonzalez,K,2024-04-18
1180,00-0033869,Mitchell,Trubisky,QB,2024-04-18
1181,00-0033871,Corey,Davis,WR,2024-04-18
1182,00-0033873,Patrick,Mahomes,QB,2024-04-18
1183,00-0033881,Evan,Engram,TE,2024-04-18
1184,00-0033885,David,Njoku,TE,2024-04-18
1185,00-0033891,Zay,Jones,WR,2024-04-18
1186,00-0033893,Dalvin,Cook,RB,2024-04-18
1187,00-0033895,Gerald,Everett,TE,2024-04-18
1188,00-0033897,Joe,Mixon,RB,2024-04-18
1189,00-0033906,Alvin,Kamara,RB,2024-04-18
1190,00-0033908,Cooper,Kupp,WR,2024-04-18
1191,00-0033921,Chris,Godwin,WR,2024-04-18
1192,00-0033923,Kareem,Hunt,RB,2024-04-18
1193,00-0033925,D'Onta,Foreman,RB,2024-04-18
1194,00-0033936,C.J.,Beathard,QB,2024-04-18
1195,00-0033943,Josh,Reynolds,WR,2024-04-18
1196,00-0033948,Jamaal,Williams,RB,2024-04-18
1197,00-0033949,Joshua,Dobbs,QB,2024-04-18
1198,00-0033951,Marlon,Mack,RB,2024-04-18
1199,00-0033955,Jeremy,McNichols,RB,2024-04-18
1200,00-0033958,Nathan,Peterman,QB,2024-04-18
1201,00-0034054,River,Cracraft,WR,2024-04-18
1202,00-0034073,Ross,Dwelley,TE,2024-04-18
1203,00-0034084,Mike,Badgley,K,2024-04-18
1204,00-0034104,Cam,Sims,WR,2024-04-18
1205,00-0034115,Jeff,Wilson,RB,2024-04-18
1206,00-0034159,Will,Dissly,TE,2024-04-18
1207,00-0034161,Daniel,Carlson,K,2024-04-18
1208,00-0034171,Jason,Cabinda,RB,2024-04-18
1209,00-0034173,Eddy,Pineiro,K,2024-04-18
1210,00-0034177,Tim,Boyle,QB,2024-04-18
1211,00-0034184,Gus,Edwards,RB,2024-04-18
1212,00-0034193,Kevin,Rader,TE,2024-04-18
1213,00-0034208,Mike,Boone,RB,2024-04-18
1214,00-0034270,Tyler,Conklin,TE,2024-04-18
1215,00-0034272,Marquez,Valdes-Scantling,WR,2024-04-18
1216,00-0034279,Equanimeous,St. Brown,WR,2024-04-18
1217,00-0034286,Richie,James,WR,2024-04-18
1218,00-0034297,Byron,Pringle,WR,2024-04-18
1219,00-0034301,Darrel,Williams,RB,2024-04-18
1220,00-0034317,Keith,Kirkwood,WR,2024-04-18
1221,00-0034339,Trey,Quinn,WR,2024-04-18
1222,00-0034348,Courtland,Sutton,WR,2024-04-18
1223,00-0034351,Dallas,Goedert,TE,2024-04-18
1224,00-0034353,Anthony,Miller,WR,2024-04-18
1225,00-0034364,Jordan,Akins,TE,2024-04-18
1226,00-0034365,Ian,Thomas,TE,2024-04-18
1227,00-0034366,Keke,Coutee,WR,2024-04-18
1228,00-0034367,Nyheim,Hines,RB,2024-04-18
1229,00-0034383,Dalton,Schultz,TE,2024-04-18
1230,00-0034386,Justin,Watson,WR,2024-04-18
1231,00-0034393,Troy,Fumagalli,TE,2024-04-18
1232,00-0034395,Daurice,Fountain,WR,2024-04-18
1233,00-0034400,Jordan,Wilkins,RB,2024-04-18
1234,00-0034401,Mike,White,QB,2024-04-18
1235,00-0034407,Ray-Ray,McCloud,WR,2024-04-18
1236,00-0034411,Russell,Gage,WR,2024-04-18
1237,00-0034414,Boston,Scott,RB,2024-04-18
1238,00-0034418,Ced,Wilson,WR,2024-04-18
1239,00-0034419,Braxton,Berrios,WR,2024-04-18
1240,00-0034426,Javon,Wims,WR,2024-04-18
1241,00-0034433,Nick,Bawden,RB,2024-04-18
1242,00-0034438,Logan,Woodside,QB,2024-04-18
1243,00-0034440,Justin,Jackson,RB,2024-04-18
1244,00-0034450,Greg,Joseph,K,2024-04-18
1245,00-0034487,Trent,Sherfield,WR,2024-04-18
1246,00-0034521,Allen,Lazard,WR,2024-04-18
1247,00-0034575,David,Wells,TE,2024-04-18
1248,00-0034577,Kyle,Allen,QB,2024-04-18
1249,00-0034593,Chris,Lacy,WR,2024-04-18
1250,00-0034613,Tanner,Hudson,TE,2024-04-18
1251,00-0034614,Godwin,Igwebuike,RB,2024-04-18
1252,00-0034631,Vyncint,Smith,WR,2024-04-18
1253,00-0034646,Brandon,Powell,WR,2024-04-18
1254,00-0034667,Devin,Ross,WR,2024-04-18
1255,00-0034676,James,Washington,WR,2024-04-18
1256,00-0034681,Chase,Edmonds,RB,2024-04-18
1257,00-0034732,Alex,McGough,QB,2024-04-18
1258,00-0034747,Marcell,Ateman,WR,2024-04-18
1259,00-0034750,Rashaad,Penny,RB,2024-04-18
1260,00-0034753,Mark,Andrews,TE,2024-04-18
1261,00-0034764,Michael,Gallup,WR,2024-04-18
1262,00-0034765,Tre'Quan,Smith,WR,2024-04-18
1263,00-0034771,Mason,Rudolph,QB,2024-04-18
1264,00-0034775,Christian,Kirk,WR,2024-04-18
1265,00-0034777,D.J.,Chark,WR,2024-04-18
1266,00-0034791,Nick,Chubb,RB,2024-04-18
1267,00-0034794,Jason,Sanders,K,2024-04-18
1268,00-0034796,Lamar,Jackson,QB,2024-04-18
1269,00-0034798,Durham,Smythe,TE,2024-04-18
1270,00-0034808,John,Kelly,RB,2024-04-18
1271,00-0034816,Ronald,Jones,RB,2024-04-18
1272,00-0034827,D.J.,Moore,WR,2024-04-18
1273,00-0034829,Mike,Gesicki,TE,2024-04-18
1274,00-0034830,Hayden,Hurst,TE,2024-04-18
1275,00-0034837,Calvin,Ridley,WR,2024-04-18
1276,00-0034838,Royce,Freeman,RB,2024-04-18
1277,00-0034844,Saquon,Barkley,RB,2024-04-18
1278,00-0034845,Sony,Michel,RB,2024-04-18
1279,00-0034854,KhaDarel,Hodge,WR,2024-04-18
1280,00-0034855,Baker,Mayfield,QB,2024-04-18
1281,00-0034857,Josh,Allen,QB,2024-04-18
1282,00-0034860,Dante,Pettis,WR,2024-04-18
1283,00-0034867,Malik,Turner,WR,2024-04-18
1284,00-0034869,Sam,Darnold,QB,2024-04-18
1285,00-0034899,John,Wolford,QB,2024-04-18
1286,00-0034928,Steven,Sims,WR,2024-04-18
1287,00-0034930,Trinity,Benson,WR,2024-04-18
1288,00-0034955,Brett,Rypien,QB,2024-04-18
1289,00-0034959,Andrew,Beck,RB,2024-04-18
1290,00-0034960,Jakobi,Meyers,WR,2024-04-18
1291,00-0034970,Irv,Smith,TE,2024-04-18
1292,00-0034971,Jalen,Hurd,WR,2024-04-18
1293,00-0034972,Alexander,Mattison,RB,2024-04-18
1294,00-0034975,Justice,Hill,RB,2024-04-18
1295,00-0034981,Foster,Moreau,TE,2024-04-18
1296,00-0034983,Hunter,Renfrow,WR,2024-04-18
1297,00-0034988,Kaden,Smith,TE,2024-04-18
1298,00-0035021,Ashton,Dulin,WR,2024-04-18
1299,00-0035022,Penny,Hart,WR,2024-04-18
1300,00-0035039,Stephen,Carlson,TE,2024-04-18
1301,00-0035040,David,Blough,QB,2024-04-18
1302,00-0035045,D.J.,Montgomery,WR,2024-04-18
1303,00-0035099,Khari,Blasingame,RB,2024-04-18
1304,00-0035100,Jake,Browning,QB,2024-04-18
1305,00-0035101,Davion,Davis,WR,2024-04-18
1306,00-0035102,Brandon,Dillon,TE,2024-04-18
1307,00-0035120,Keelan,Doss,WR,2024-04-18
1308,00-0035125,Alec,Ingold,RB,2024-04-18
1309,00-0035126,Antoine,Wesley,WR,2024-04-18
1310,00-0035140,Mecole,Hardman,WR,2024-04-18
1311,00-0035145,Austin,Seibert,K,2024-04-18
1312,00-0035146,Trace,McSorley,QB,2024-04-18
1313,00-0035148,Darwin,Thompson,RB,2024-04-18
1314,00-0035164,Cody,Thompson,WR,2024-04-18
1315,00-0035181,Darrius,Shepherd,WR,2024-04-18
1316,00-0035184,Devine,Ozigbo,RB,2024-04-18
1317,00-0035187,Austin,Walter,RB,2024-04-18
1318,00-0035189,Matthew,Wright,K,2024-04-18
1319,00-0035192,Joey,Slye,K,2024-04-18
1320,00-0035208,Olamide,Zaccheaus,WR,2024-04-18
1321,00-0035215,Deonte,Harty,WR,2024-04-18
1322,00-0035216,Diontae,Johnson,WR,2024-04-18
1323,00-0035217,Benny,Snell,RB,2024-04-18
1324,00-0035222,Zach,Gentry,TE,2024-04-18
1325,00-0035228,Kyler,Murray,QB,2024-04-18
1326,00-0035229,T.J.,Hockenson,TE,2024-04-18
1327,00-0035243,Miles,Sanders,RB,2024-04-18
1328,00-0035246,J.J.,Arcega-Whiteside,WR,2024-04-18
1329,00-0035249,Josh,Oliver,TE,2024-04-18
1330,00-0035250,Devin,Singletary,RB,2024-04-18
1331,00-0035251,Will,Grier,QB,2024-04-18
1332,00-0035259,Trevon,Wesco,TE,2024-04-18
1333,00-0035261,Tony,Pollard,RB,2024-04-18
1334,00-0035264,Jarrett,Stidham,QB,2024-04-18
1335,00-0035269,Matt,Gay,K,2024-04-18
1336,00-0035273,Qadree,Ollison,RB,2024-04-18
1337,00-0035282,Easton,Stick,QB,2024-04-18
1338,00-0035287,KeeSean,Johnson,WR,2024-04-18
1339,00-0035289,Gardner,Minshew,QB,2024-04-18
1340,00-0035291,Trayveon,Williams,RB,2024-04-18
1341,00-0035298,Scott,Miller,WR,2024-04-18
1342,00-0035308,Tommy,Sweeney,TE,2024-04-18
1343,00-0035309,Alize,Mack,TE,2024-04-18
1344,00-0035311,Myles,Gaskin,RB,2024-04-18
1345,00-0035329,Donald,Parham,TE,2024-04-18
1346,00-0035341,Trenton,Irwin,WR,2024-04-18
1347,00-0035342,Patrick,Laird,RB,2024-04-18
1348,00-0035345,Chris,Myarick,TE,2024-04-18
1349,00-0035356,Tyree,Jackson,TE,2024-04-18
1350,00-0035358,Chase,McLaughlin,K,2024-04-18
1351,00-0035359,David,Sills,WR,2024-04-18
1352,00-0035399,Stanley,Morgan,WR,2024-04-18
1353,00-0035406,Lil'Jordan,Humphrey,WR,2024-04-18
1354,00-0035414,Jalen,Guyton,WR,2024-04-18
1355,00-0035428,Daniel,Helm,TE,2024-04-18
1356,00-0035436,Matt,Sokol,TE,2024-04-18
1357,00-0035457,Tyron,Johnson,WR,2024-04-18
1358,00-0035480,Malik,Taylor,WR,2024-04-18
1359,00-0035500,Greg,Dortch,WR,2024-04-18
1360,00-0035510,Jeff,Smith,WR,2024-04-18
1361,00-0035527,Andy,Isabella,WR,2024-04-18
1362,00-0035529,Hakeem,Butler,TE,2024-04-18
1363,00-0035535,Darius,Slayton,WR,2024-04-18
1364,00-0035537,Ty,Johnson,RB,2024-04-18
1365,00-0035544,Tom,Kennedy,WR,2024-04-18
1366,00-0035547,Jody,Fortson,TE,2024-04-18
1367,00-0035562,Jesper,Horsted,TE,2024-04-18
1368,00-0035567,Craig,Reynolds,RB,2024-04-18
1369,00-0035572,Parker,Hesse,TE,2024-04-18
1370,00-0035589,Gary,Jennings,WR,2024-04-18
1371,00-0035593,Juwann,Winfree,WR,2024-04-18
1372,00-0035594,Travis,Homer,RB,2024-04-18
1373,00-0035602,Alex,Bachman,WR,2024-04-18
1374,00-0035603,Kendall,Blanton,TE,2024-04-18
1375,00-0035621,Nsimba,Webster,WR,2024-04-18
1376,00-0035624,N'Keal,Harry,WR,2024-04-18
1377,00-0035628,D'Ernest,Johnson,RB,2024-04-18
1378,00-0035631,Drew,Sample,TE,2024-04-18
1379,00-0035639,Parris,Campbell,WR,2024-04-18
1380,00-0035640,DK,Metcalf,WR,2024-04-18
1381,00-0035644,Noah,Fant,TE,2024-04-18
1382,00-0035645,Gunner,Olszewski,WR,2024-04-18
1383,00-0035657,Damien,Harris,RB,2024-04-18
1384,00-0035659,Terry,McLaurin,WR,2024-04-18
1385,00-0035662,Marquise,Brown,WR,2024-04-18
1386,00-0035664,Darrell,Henderson,RB,2024-04-18
1387,00-0035671,Jace,Sternberger,TE,2024-04-18
1388,00-0035676,A.J.,Brown,WR,2024-04-18
1389,00-0035685,David,Montgomery,RB,2024-04-18
1390,00-0035689,Dawson,Knox,TE,2024-04-18
1391,00-0035700,Josh,Jacobs,RB,2024-04-18
1392,00-0035703,Miles,Boykin,WR,2024-04-18
1393,00-0035704,Drew,Lock,QB,2024-04-18
1394,00-0035710,Daniel,Jones,QB,2024-04-18
1395,00-0035715,Derrick,Gore,RB,2024-04-18
1396,00-0035719,Deebo,Samuel,WR,2024-04-18
1397,00-0035726,Jakob,Johnson,RB,2024-04-18
1398,00-0035735,Jordan,Ta'amu,QB,2024-04-18
1399,00-0035760,Jacques,Patrick,RB,2024-04-18
1400,00-0035769,Scotty,Washington,TE,2024-04-18
1401,00-0035771,Mitchell,Wilcox,TE,2024-04-18
1402,00-0035782,Juwan,Green,WR,2024-04-18
1403,00-0035787,Jared,Pinkney,TE,2024-04-18
1404,00-0035806,Jamycal,Hasty,RB,2024-04-18
1405,00-0035823,Ben,Ellefson,TE,2024-04-18
1406,00-0035826,Josh,Hammond,WR,2024-04-18
1407,00-0035831,James,Robinson,RB,2024-04-18
1408,00-0035844,Kirk,Merritt,WR,2024-04-18
1409,00-0035860,Tony,Jones,RB,2024-04-18
1410,00-0035864,Kendall,Hinton,WR,2024-04-18
1411,00-0035876,Andre,Baccellia,WR,2024-04-18
1412,00-0035891,Cody,White,WR,2024-04-18
1413,00-0035924,Jonathan,Ward,RB,2024-04-18
1414,00-0035934,Trishton,Jackson,WR,2024-04-18
1415,00-0035935,J.J.,Koski,WR,2024-04-18
1416,00-0035956,Giovanni,Ricci,TE,2024-04-18
1417,00-0035973,Patrick,Taylor,RB,2024-04-18
1418,00-0035975,Jake,Bargas,RB,2024-04-18
1419,00-0035976,Dan,Chisena,WR,2024-04-18
1420,00-0035993,Tyler,Huntley,QB,2024-04-18
1421,00-0036005,Noah,Togiai,TE,2024-04-18
1422,00-0036020,Salvon,Ahmed,RB,2024-04-18
1423,00-0036032,Sean,McKeon,TE,2024-04-18
1424,00-0036040,Juwan,Johnson,TE,2024-04-18
1425,00-0036052,Reid,Sinnett,QB,2024-04-18
1426,00-0036059,Tyler,Mabry,TE,2024-04-18
1427,00-0036080,Easop,Winston,WR,2024-04-18
1428,00-0036083,Nick,Bowers,TE,2024-04-18
1429,00-0036096,J.J.,Taylor,RB,2024-04-18
1430,00-0036100,Isaiah,Zuber,WR,2024-04-18
1431,00-0036125,Jaylon,Moore,WR,2024-04-18
1432,00-0036133,James,Proche,WR,2024-04-18
1433,00-0036139,Rico,Dowdle,RB,2024-04-18
1434,00-0036145,Lawrence,Cager,TE,2024-04-18
1435,00-0036158,J.K.,Dobbins,RB,2024-04-18
1436,00-0036162,Tyler,Bass,K,2024-04-18
1437,00-0036165,Isaiah,Hodgins,WR,2024-04-18
1438,00-0036173,Tommy,Hudson,TE,2024-04-18
1439,00-0036176,Mason,Kinsey,WR,2024-04-18
1440,00-0036182,Nick,Westbrook-Ikhine,WR,2024-04-18
1441,00-0036183,Kristian,Wilkerson,WR,2024-04-18
1442,00-0036187,Reggie,Gilliam,RB,2024-04-18
1443,00-0036194,Devin,Asiasi,TE,2024-04-18
1444,00-0036196,Gabe,Davis,WR,2024-04-18
1445,00-0036197,Jake,Fromm,QB,2024-04-18
1446,00-0036212,Tua,Tagovailoa,QB,2024-04-18
1447,00-0036219,Marquez,Callaway,WR,2024-04-18
1448,00-0036223,Jonathan,Taylor,RB,2024-04-18
1449,00-0036225,Dalton,Keene,TE,2024-04-18
1450,00-0036226,Jacob,Eason,QB,2024-04-18
1451,00-0036228,Dezmon,Patmon,WR,2024-04-18
1452,00-0036232,Harrison,Bryant,TE,2024-04-18
1453,00-0036233,Donovan,Peoples-Jones,WR,2024-04-18
1454,00-0036244,Colby,Parkinson,TE,2024-04-18
1455,00-0036247,Freddie,Swain,WR,2024-04-18
1456,00-0036250,Tyler,Davis,TE,2024-04-18
1457,00-0036251,Zack,Moss,RB,2024-04-18
1458,00-0036252,Michael,Pittman,WR,2024-04-18
1459,00-0036254,Collin,Johnson,WR,2024-04-18
1460,00-0036255,Denzel,Mims,WR,2024-04-18
1461,00-0036259,Jauan,Jennings,WR,2024-04-18
1462,00-0036261,Brandon,Aiyuk,WR,2024-04-18
1463,00-0036264,Jordan,Love,QB,2024-04-18
1464,00-0036265,AJ,Dillon,RB,2024-04-18
1465,00-0036268,Laviska,Shenault,WR,2024-04-18
1466,00-0036269,La'Mical,Perine,RB,2024-04-18
1467,00-0036271,Quez,Watkins,WR,2024-04-18
1468,00-0036275,D'Andre,Swift,RB,2024-04-18
1469,00-0036278,Jason,Huntley,RB,2024-04-18
1470,00-0036290,Cole,Kmet,TE,2024-04-18
1471,00-0036297,Darrynton,Evans,RB,2024-04-18
1472,00-0036308,Isaiah,Coulter,WR,2024-04-18
1473,00-0036309,Darnell,Mooney,WR,2024-04-18
1474,00-0036312,Jake,Luton,QB,2024-04-18
1475,00-0036322,Justin,Jefferson,WR,2024-04-18
1476,00-0036326,Chase,Claypool,WR,2024-04-18
1477,00-0036328,Antonio,Gibson,RB,2024-04-18
1478,00-0036331,Devin,Duvernay,WR,2024-04-18
1479,00-0036332,Josiah,Deguara,TE,2024-04-18
1480,00-0036336,Anthony,McFarland,RB,2024-04-18
1481,00-0036345,K.J.,Osborn,WR,2024-04-18
1482,00-0036355,Justin,Herbert,QB,2024-04-18
1483,00-0036358,CeeDee,Lamb,WR,2024-04-18
1484,00-0036360,Clyde,Edwards-Helaire,RB,2024-04-18
1485,00-0036364,Lynn,Bowden,WR,2024-04-18
1486,00-0036370,Joshua,Kelley,RB,2024-04-18
1487,00-0036377,Joe,Reed,WR,2024-04-18
1488,00-0036383,Eno,Benjamin,RB,2024-04-18
1489,00-0036384,Ben,DiNucci,QB,2024-04-18
1490,00-0036387,Jalen,Reagor,WR,2024-04-18
1491,00-0036389,Jalen,Hurts,QB,2024-04-18
1492,00-0036398,John,Hightower,WR,2024-04-18
1493,00-0036407,Jerry,Jeudy,WR,2024-04-18
1494,00-0036410,Tee,Higgins,WR,2024-04-18
1495,00-0036412,K.J.,Hamler,WR,2024-04-18
1496,00-0036414,Cam,Akers,RB,2024-04-18
1497,00-0036415,Van,Jefferson,WR,2024-04-18
1498,00-0036422,Adam,Trautman,TE,2024-04-18
1499,00-0036423,Albert,Okwuegbunam,TE,2024-04-18
1500,00-0036424,Brycen,Hopkins,TE,2024-04-18
1501,00-0036425,DeeJay,Dallas,RB,2024-04-18
1502,00-0036427,Tyler,Johnson,WR,2024-04-18
1503,00-0036429,Charlie,Woerner,TE,2024-04-18
1504,00-0036438,Stephen,Sullivan,TE,2024-04-18
1505,00-0036439,Tyrie,Cleveland,WR,2024-04-18
1506,00-0036442,Joe,Burrow,QB,2024-04-18
1507,00-0036450,Ke'Shawn,Vaughn,RB,2024-04-18
1508,00-0036456,Dominique,Dafney,TE,2024-04-18
1509,00-0036457,Ty'Son,Williams,RB,2024-04-18
1510,00-0036463,Chris,Blair,WR,2024-04-18
1511,00-0036469,Matt,Ammendola,K,2024-04-18
1512,00-0036471,Mathew,Sexton,WR,2024-04-18
1513,00-0036474,Sammis,Reyes,TE,2024-04-18
1514,00-0036482,Mike,Strachan,WR,2024-04-18
1515,00-0036491,Tarik,Black,WR,2024-04-18
1516,00-0036493,Deon,Jackson,RB,2024-04-18
1517,00-0036497,Tim,Jones,WR,2024-04-18
1518,00-0036510,Kenny,Yeboah,TE,2024-04-18
1519,00-0036519,Matt,Bushman,TE,2024-04-18
1520,00-0036527,D.J.,Turner,WR,2024-04-18
1521,00-0036534,Shane,Zylstra,TE,2024-04-18
1522,00-0036536,Tre,Nixon,WR,2024-04-18
1523,00-0036543,Spencer,Brown,RB,2024-04-18
1524,00-0036548,Stevie,Scott,RB,2024-04-18
1525,00-0036550,Rashod,Bateman,WR,2024-04-18
1526,00-0036554,Nico,Collins,WR,2024-04-18
1527,00-0036555,Chuba,Hubbard,RB,2024-04-18
1528,00-0036556,Brevin,Jordan,TE,2024-04-18
1529,00-0036565,Ben,Mason,TE,2024-04-18
1530,00-0036567,Elijah,Mitchell,RB,2024-04-18
1531,00-0036569,Gary,Brightwell,RB,2024-04-18
1532,00-0036571,Marquez,Stevenson,WR,2024-04-18
1533,00-0036572,Shi,Smith,WR,2024-04-18
1534,00-0036578,Gerrid,Doaks,RB,2024-04-18
1535,00-0036582,Nate,McCrary,RB,2024-04-18
1536,00-0036590,Quintin,Morris,TE,2024-04-18
1537,00-0036613,Jaylen,Waddle,WR,2024-04-18
1538,00-0036620,D'Wayne,Eskridge,WR,2024-04-18
1539,00-0036626,Dyami,Brown,WR,2024-04-18
1540,00-0036627,Dez,Fitzpatrick,WR,2024-04-18
1541,00-0036628,John,Bates,TE,2024-04-18
1542,00-0036630,Tylan,Wallace,WR,2024-04-18
1543,00-0036635,Ihmir,Smith-Marsette,WR,2024-04-18
1544,00-0036637,Noah,Gray,TE,2024-04-18
1545,00-0036640,Zach,Davidson,TE,2024-04-18
1546,00-0036646,Simi,Fehoko,WR,2024-04-18
1547,00-0036647,Cornell,Powell,WR,2024-04-18
1548,00-0036650,Larry,Rountree,RB,2024-04-18
1549,00-0036652,Racey,McMath,WR,2024-04-18
1550,00-0036654,Demetric,Felton,RB,2024-04-18
1551,00-0036657,Seth,Williams,WR,2024-04-18
1552,00-0036670,Jermar,Jefferson,RB,2024-04-18
1553,00-0036671,Dax,Milne,WR,2024-04-18
1554,00-0036674,Josh,Pederson,TE,2024-04-18
1555,00-0036676,Austin,Watkins Jr.,WR,2024-04-18
1556,00-0036679,Shane,Buechele,QB,2024-04-18
1557,00-0036692,Miller,Forristall,TE,2024-04-18
1558,00-0036706,C.J.,Marable,RB,2024-04-18
1559,00-0036727,Adam,Prentice,RB,2024-04-18
1560,00-0036741,Jack,Stoll,TE,2024-04-18
1561,00-0036754,Brock,Wright,TE,2024-04-18
1562,00-0036755,Jaret,Patterson,RB,2024-04-18
1563,00-0036766,Nick,Eubanks,TE,2024-04-18
1564,00-0036775,Brandon,Smith,WR,2024-04-18
1565,00-0036779,Hunter,Kampmoyer,TE,2024-04-18
1566,00-0036810,Cade,Johnson,WR,2024-04-18
1567,00-0036816,Riley,Patterson,K,2024-04-18
1568,00-0036818,Blake,Proehl,WR,2024-04-18
1569,00-0036825,Feleipe,Franks,TE,2024-04-18
1570,00-0036841,Austin,Trammell,WR,2024-04-18
1571,00-0036842,Kene,Nwangwu,RB,2024-04-18
1572,00-0036849,Tutu,Atwell,WR,2024-04-18
1573,00-0036854,Evan,McPherson,K,2024-04-18
1574,00-0036857,Chris,Evans,RB,2024-04-18
1575,00-0036858,Jalen,Camp,WR,2024-04-18
1576,00-0036860,Jake,Funk,RB,2024-04-18
1577,00-0036862,Ben,Skowronek,WR,2024-04-18
1578,00-0036875,Rhamondre,Stevenson,RB,2024-04-18
1579,00-0036876,Kylen,Granson,TE,2024-04-18
1580,00-0036877,Jaelon,Darden,WR,2024-04-18
1581,00-0036879,Sam,Ehlinger,QB,2024-04-18
1582,00-0036887,Luke,Farrell,TE,2024-04-18
1583,00-0036893,Najee,Harris,RB,2024-04-18
1584,00-0036894,Pat,Freiermuth,TE,2024-04-18
1585,00-0036898,Davis,Mills,QB,2024-04-18
1586,00-0036900,Ja'Marr,Chase,WR,2024-04-18
1587,00-0036906,Khalil,Herbert,RB,2024-04-18
1588,00-0036910,C.J.,Saunders,WR,2024-04-18
1589,00-0036912,DeVonta,Smith,WR,2024-04-18
1590,00-0036913,Kadarius,Toney,WR,2024-04-18
1591,00-0036918,Jacob,Harris,WR,2024-04-18
1592,00-0036919,Kenneth,Gainwell,RB,2024-04-18
1593,00-0036924,Michael,Carter,RB,2024-04-18
1594,00-0036928,Kyle,Trask,QB,2024-04-18
1595,00-0036929,Ian,Book,QB,2024-04-18
1596,00-0036936,Rondale,Moore,WR,2024-04-18
1597,00-0036939,Kawaan,Baker,WR,2024-04-18
1598,00-0036945,Justin,Fields,QB,2024-04-18
1599,00-0036946,Kellen,Mond,QB,2024-04-18
1600,00-0036950,Avery,Williams,RB,2024-04-18
1601,00-0036951,Frank,Darby,WR,2024-04-18
1602,00-0036955,Terrace,Marshall,WR,2024-04-18
1603,00-0036959,Michael,Bandy,WR,2024-04-18
1604,00-0036963,Amon-Ra,St. Brown,WR,2024-04-18
1605,00-0036970,Kyle,Pitts,TE,2024-04-18
1606,00-0036971,Trevor,Lawrence,QB,2024-04-18
1607,00-0036972,Mac,Jones,QB,2024-04-18
1608,00-0036973,Travis,Etienne,RB,2024-04-18
1609,00-0036980,Elijah,Moore,WR,2024-04-18
1610,00-0036984,Trey,Sermon,RB,2024-04-18
1611,00-0036988,Josh,Palmer,WR,2024-04-18
1612,00-0036991,Amari,Rodgers,WR,2024-04-18
1613,00-0036997,Javonte,Williams,RB,2024-04-18
1614,00-0036999,Anthony,Schwartz,WR,2024-04-18
1615,00-0037004,Hunter,Long,TE,2024-04-18
1616,00-0037005,Tommy,Tremble,TE,2024-04-18
1617,00-0037011,Tre',McKitty,TE,2024-04-18
1618,00-0037012,Trey,Lance,QB,2024-04-18
1619,00-0037013,Zach,Wilson,QB,2024-04-18
1620,00-0037015,Sal,Cannella,TE,2024-04-18
1621,00-0037020,Bernhard,Seikovits,TE,2024-04-18
1622,00-0037022,Michael,Jacobson,TE,2024-04-18
1623,00-0037031,Nikola,Kalinic,TE,2024-04-18
1624,00-0037039,Devon,Allen,WR,2024-04-18
1625,00-0037055,Lance,McCutcheon,WR,2024-04-18
1626,00-0037068,E.J.,Perry,QB,2024-04-18
1627,00-0037077,Sam,Howell,QB,2024-04-18
1628,00-0037078,Cole,Turner,TE,2024-04-18
1629,00-0037085,Tyler,Badie,RB,2024-04-18
1630,00-0037086,Grant,Calcaterra,TE,2024-04-18
1631,00-0037087,Trestan,Ebner,RB,2024-04-18
1632,00-0037091,Bo,Melton,WR,2024-04-18
1633,00-0037093,Dareke,Young,WR,2024-04-18
1634,00-0037098,Samori,Toure,WR,2024-04-18
1635,00-0037112,Jake,Tonges,TE,2024-04-18
1636,00-0037120,Tyler,Goodson,RB,2024-04-18
1637,00-0037131,Kennedy,Brooks,RB,2024-04-18
1638,00-0037132,Britain,Covey,WR,2024-04-18
1639,00-0037156,Irvin,Charles,WR,2024-04-18
1640,00-0037157,Bam,Knight,RB,2024-04-18
1641,00-0037164,Curtis,Hodges,TE,2024-04-18
1642,00-0037168,Armani,Rogers,TE,2024-04-18
1643,00-0037172,Kyric,McGowan,WR,2024-04-18
1644,00-0037173,Slade,Bolden,WR,2024-04-18
1645,00-0037174,Shemar,Bridges,WR,2024-04-18
1646,00-0037175,Anthony,Brown,QB,2024-04-18
1647,00-0037185,Raleigh,Webb,WR,2024-04-18
1648,00-0037197,Isiah,Pacheco,RB,2024-04-18
1649,00-0037210,Jerrion,Ealy,RB,2024-04-18
1650,00-0037216,Justyn,Ross,WR,2024-04-18
1651,00-0037224,Cameron,Dicker,K,2024-04-18
1652,00-0037228,Jaylen,Warren,RB,2024-04-18
1653,00-0037231,Kevin,Austin,WR,2024-04-18
1654,00-0037233,Gerrit,Prince,TE,2024-04-18
1655,00-0037238,Drake,London,WR,2024-04-18
1656,00-0037239,Chris,Olave,WR,2024-04-18
1657,00-0037240,Jameson,Williams,WR,2024-04-18
1658,00-0037247,George,Pickens,WR,2024-04-18
1659,00-0037248,James,Cook,RB,2024-04-18
1660,00-0037252,Greg,Dulcich,TE,2024-04-18
1661,00-0037256,Rachaad,White,RB,2024-04-18
1662,00-0037257,David,Bell,WR,2024-04-18
1663,00-0037258,Dameon,Pierce,RB,2024-04-18
1664,00-0037261,Khalil,Shakir,WR,2024-04-18
1665,00-0037263,Tyler,Allgeier,RB,2024-04-18
1666,00-0037265,Snoop,Conner,RB,2024-04-18
1667,00-0037267,Jerome,Ford,RB,2024-04-18
1668,00-0037272,Montrell,Washington,WR,2024-04-18
1669,00-0037273,Kyle,Philips,WR,2024-04-18
1670,00-0037276,Ty,Chandler,RB,2024-04-18
1671,00-0037277,Teagan,Quitoriano,TE,2024-04-18
1672,00-0037282,James,Mitchell,TE,2024-04-18
1673,00-0037286,Kevin,Harris,RB,2024-04-18
1674,00-0037291,Jalen,Nailor,WR,2024-04-18
1675,00-0037292,Andrew,Ogletree,TE,2024-04-18
1676,00-0037299,Keaontay,Ingram,RB,2024-04-18
1677,00-0037300,Mike,Woods,WR,2024-04-18
1678,00-0037304,Connor,Heyward,TE,2024-04-18
1679,00-0037306,John,FitzPatrick,TE,2024-04-18
1680,00-0037311,Ko,Kieft,TE,2024-04-18
1681,00-0037317,Nick,Muse,TE,2024-04-18
1682,00-0037324,Chris,Oladokun,QB,2024-04-18
1683,00-0037327,Skylar,Thompson,QB,2024-04-18
1684,00-0037329,Brittain,Brown,RB,2024-04-18
1685,00-0037331,Zander,Horvath,RB,2024-04-18
1686,00-0037334,Mike,Harley,WR,2024-04-18
1687,00-0037340,Zaire,Mitchell-Paden,TE,2024-04-18
1688,00-0037343,Isaiah,Weston,WR,2024-04-18
1689,00-0037348,Tanner,Conner,WR,2024-04-18
1690,00-0037355,Braylon,Sanders,WR,2024-04-18
1691,00-0037362,Ra'Shaun,Henry,WR,2024-04-18
1692,00-0037366,Charleston,Rambo,WR,2024-04-18
1693,00-0037368,Derek,Wright,WR,2024-04-18
1694,00-0037369,Austin,Allen,TE,2024-04-18
1695,00-0037380,Kaden,Davis,WR,2024-04-18
1696,00-0037382,Brandon,Johnson,WR,2024-04-18
1697,00-0037387,Jalen,Virgil,WR,2024-04-18
1698,00-0037394,Ethan,Fernea,WR,2024-04-18
1699,00-0037410,Jashaun,Corbin,RB,2024-04-18
1700,00-0037420,Kwamie,Lassiter,WR,2024-04-18
1701,00-0037422,Kendric,Pryor,WR,2024-04-18
1702,00-0037424,Justin,Rigg,TE,2024-04-18
1703,00-0037429,Raheem,Blackshear,RB,2024-04-18
1704,00-0037437,Greg,Bell,RB,2024-04-18
1705,00-0037443,Kalil,Pimpleton,WR,2024-04-18
1706,00-0037448,Dre,Miller,WR,2024-04-18
1707,00-0037451,Rod,Williams,TE,2024-04-18
1708,00-0037455,Seth,Green,TE,2024-04-18
1709,00-0037456,Troy,Hairston,RB,2024-04-18
1710,00-0037460,Johnny,Johnson III,WR,2024-04-18
1711,00-0037471,James,McCourt,K,2024-04-18
1712,00-0037475,Stone,Smartt,TE,2024-04-18
1713,00-0037483,Kaylon,Geiger,WR,2024-04-18
1714,00-0037487,Deven,Thompkins,WR,2024-04-18
1715,00-0037495,Bryant,Koback,RB,2024-04-18
1716,00-0037506,Cole,Fotheringham,TE,2024-04-18
1717,00-0037507,Chase,Garbers,QB,2024-04-18
1718,00-0037509,Sincere,McCormick,RB,2024-04-18
1719,00-0037524,Tay,Martin,WR,2024-04-18
1720,00-0037525,Jordan,Mason,RB,2024-04-18
1721,00-0037539,Lucas,Krull,TE,2024-04-18
1722,00-0037542,John,Parker Romo,K,2024-04-18
1723,00-0037545,Rashid,Shaheed,WR,2024-04-18
1724,00-0037546,Abram,Smith,RB,2024-04-18
1725,00-0037553,Jontre,Kirklin,WR,2024-04-18
1726,00-0037556,Chris,Pierce,TE,2024-04-18
1727,00-0037557,Ronnie,Rivers,RB,2024-04-18
1728,00-0037563,Malik,Davis,RB,2024-04-18
1729,00-0037564,Dontario,Drummond,WR,2024-04-18
1730,00-0037566,Ty,Fryfogle,WR,2024-04-18
1731,00-0037569,Peyton,Hendershot,TE,2024-04-18
1732,00-0037570,Dennis,Houston,WR,2024-04-18
1733,00-0037580,Jared,Bernhardt,WR,2024-04-18
1734,00-0037594,Julius,Chestnut,RB,2024-04-18
1735,00-0037604,Reggie,Roberson,WR,2024-04-18
1736,00-0037609,Aaron,Shampklin,RB,2024-04-18
1737,00-0037614,John,Metchie III,WR,2024-04-18
1738,00-0037617,Hassan,Haskins,RB,2024-04-18
1739,00-0037654,Tucker,Fisk,TE,2024-04-18
1740,00-0037664,Alec,Pierce,WR,2024-04-18
1741,00-0037666,Jalen,Tolbert,WR,2024-04-18
1742,00-0037692,Brandon,Aubrey,K,2024-04-18
1743,00-0037708,Maurice,Alexander,WR,2024-04-18
1744,00-0037724,La'Michael,Pettway,TE,2024-04-18
1745,00-0037740,Garrett,Wilson,WR,2024-04-18
1746,00-0037741,Jahan,Dotson,WR,2024-04-18
1747,00-0037742,Treylon,Burks,WR,2024-04-18
1748,00-0037744,Trey,McBride,TE,2024-04-18
1749,00-0037745,Velus,Jones,WR,2024-04-18
1750,00-0037746,Brian,Robinson,RB,2024-04-18
1751,00-0037755,Jelani,Woods,TE,2024-04-18
1752,00-0037801,KaVontae,Turpin,WR,2024-04-18
1753,00-0037805,Jeremy,Ruckert,TE,2024-04-18
1754,00-0037809,Chigoziem,Okonkwo,TE,2024-04-18
1755,00-0037816,Romeo,Doubs,WR,2024-04-18
1756,00-0037827,Tyrion,Davis-Price,RB,2024-04-18
1757,00-0037828,Danny,Gray,WR,2024-04-18
1758,00-0037834,Brock,Purdy,QB,2024-04-18
1759,00-0037837,Calvin,Austin,WR,2024-04-18
1760,00-0037838,Isaiah,Likely,TE,2024-04-18
1761,00-0037840,Kyren,Williams,RB,2024-04-18
1762,00-0038040,Zamir,White,RB,2024-04-18
1763,00-0038041,Jake,Ferguson,TE,2024-04-18
1764,00-0038045,Isaiah,Spiller,RB,2024-04-18
1765,00-0038046,Charlie,Kolar,TE,2024-04-18
1766,00-0038090,Skyy,Moore,WR,2024-04-18
1767,00-0038092,Erik,Ezukanma,WR,2024-04-18
1768,00-0038097,Cade,York,K,2024-04-18
1769,00-0038098,Pierre,Strong,RB,2024-04-18
1770,00-0038102,Kenny,Pickett,QB,2024-04-18
1771,00-0038104,Tyquan,Thornton,WR,2024-04-18
1772,00-0038108,Bailey,Zappe,QB,2024-04-18
1773,00-0038115,Daniel,Bellinger,TE,2024-04-18
1774,00-0038117,Wan'Dale,Robinson,WR,2024-04-18
1775,00-0038120,Breece,Hall,RB,2024-04-18
1776,00-0038122,Desmond,Ridder,QB,2024-04-18
1777,00-0038124,Christian,Watson,WR,2024-04-18
1778,00-0038128,Malik,Willis,QB,2024-04-18
1779,00-0038129,Cade,Otton,TE,2024-04-18
1780,00-0038132,Matt,Corral,QB,2024-04-18
1781,00-0038134,Kenneth,Walker,RB,2024-04-18
1782,00-0038137,Drew,Plitt,QB,2024-04-18
1783,00-0038145,Thomas,Odukoya,TE,2024-04-18
1784,00-0038147,Daylen,Baldwin,WR,2024-04-18
1785,00-0038149,Josh,Ali,WR,2024-04-18
1786,00-0038150,Nathan,Rourke,QB,2024-04-18
1787,00-0038152,Lucas,Havrisik,K,2024-04-18
1788,00-0038156,Clint,Ratkovich,RB,2024-04-18
1789,00-0038181,Lucky,Jackson,WR,2024-04-18
1790,00-0038354,Tanner,Brown,K,2024-04-18
1791,00-0038356,Tyler,Hudson,WR,2024-04-18
1792,00-0038359,Xavier,Smith,WR,2024-04-18
1793,00-0038365,Braxton,Burmeister,QB,2024-04-18
1794,00-0038385,Dresser,Winn,QB,2024-04-18
1795,00-0038389,Israel,Abanikanda,RB,2024-04-18
1796,00-0038391,Sean,Clifford,QB,2024-04-18
1797,00-0038393,Dontayvion,Wicks,WR,2024-04-18
1798,00-0038394,Will,Mallory,TE,2024-04-18
1799,00-0038396,Eric,Gray,RB,2024-04-18
1800,00-0038397,Evan,Hull,RB,2024-04-18
1801,00-0038400,Tanner,McKee,QB,2024-04-18
1802,00-0038402,Anders,Carlson,K,2024-04-18
1803,00-0038406,Zack,Kuntz,TE,2024-04-18
1804,00-0038409,Lew,Nichols,RB,2024-04-18
1805,00-0038416,Tyson,Bagent,QB,2024-04-18
1806,00-0038419,Robert,Burns,RB,2024-04-18
1807,00-0038422,Aron,Cruickshank,WR,2024-04-18
1808,00-0038427,Thyrick,Pitts,WR,2024-04-18
1809,00-0038430,Cody,Chrest,WR,2024-04-18
1810,00-0038433,Darius,Hagans,RB,2024-04-18
1811,00-0038434,Johnny,King,WR,2024-04-18
1812,00-0038440,Zavier,Scott,RB,2024-04-18
1813,00-0038447,Dontay,Demus,WR,2024-04-18
1814,00-0038454,Keaton,Mitchell,RB,2024-04-18
1815,00-0038455,Sean,Ryan,WR,2024-04-18
1816,00-0038456,Travis,Vokolek,TE,2024-04-18
1817,00-0038458,Owen,Wright,RB,2024-04-18
1818,00-0038465,Malik,Heath,WR,2024-04-18
1819,00-0038467,Camren,McDonald,TE,2024-04-18
1820,00-0038468,Henry,Pearson,TE,2024-04-18
1821,00-0038472,Duece,Watts,WR,2024-04-18
1822,00-0038476,Tommy,DeVito,QB,2024-04-18
1823,00-0038477,Bryce,Ford-Wheaton,WR,2024-04-18
1824,00-0038480,Ryan,Jones,TE,2024-04-18
1825,00-0038483,Jadon,Haselwood,WR,2024-04-18
1826,00-0038484,Joseph,Ngata,WR,2024-04-18
1827,00-0038488,Brady,Russell,TE,2024-04-18
1828,00-0038492,Jason,Brownlee,WR,2024-04-18
1829,00-0038495,Travis,Dye,RB,2024-04-18
1830,00-0038496,Xavier,Gipson,WR,2024-04-18
1831,00-0038498,E.J.,Jenkins,TE,2024-04-18
1832,00-0038502,T.J.,Luther,WR,2024-04-18
1833,00-0038507,Grant,DuBose,WR,2024-04-18
1834,00-0038518,Deneric,Prince,RB,2024-04-18
1835,00-0038519,Nikko,Remigio,WR,2024-04-18
1836,00-0038520,Ty,Scott,WR,2024-04-18
1837,00-0038531,Tyler,Adams,WR,2024-04-18
1838,00-0038532,Kody,Case,WR,2024-04-18
1839,00-0038542,Bijan,Robinson,RB,2024-04-18
1840,00-0038543,Jaxon,Smith-Njigba,WR,2024-04-18
1841,00-0038544,Quentin,Johnston,WR,2024-04-18
1842,00-0038547,Luke,Schoonmaker,TE,2024-04-18
1843,00-0038550,Hendon,Hooker,QB,2024-04-18
1844,00-0038551,Kendre,Miller,RB,2024-04-18
1845,00-0038555,Tank,Bigsby,RB,2024-04-18
1846,00-0038558,Darnell,Washington,TE,2024-04-18
1847,00-0038559,Michael,Wilson,WR,2024-04-18
1848,00-0038562,Jake,Moody,K,2024-04-18
1849,00-0038563,Tre,Tucker,WR,2024-04-18
1850,00-0038564,Cameron,Latu,TE,2024-04-18
1851,00-0038567,Chad,Ryland,K,2024-04-18
1852,00-0038573,Derius,Davis,WR,2024-04-18
1853,00-0038576,Charlie,Jones,WR,2024-04-18
1854,00-0038579,Aidan,O'Connell,QB,2024-04-18
1855,00-0038582,Clayton,Tune,QB,2024-04-18
1856,00-0038583,Dorian,Thompson-Robinson,QB,2024-04-18
1857,00-0038589,Josh,Whyle,TE,2024-04-18
1858,00-0038590,Justin,Shorter,WR,2024-04-18
1859,00-0038597,Chase,Brown,RB,2024-04-18
1860,00-0038598,Jaren,Hall,QB,2024-04-18
1861,00-0038606,Parker,Washington,WR,2024-04-18
1862,00-0038608,Kayshon,Boutte,WR,2024-04-18
1863,00-0038611,Chris,Rodriguez,RB,2024-04-18
1864,00-0038612,A.T.,Perry,WR,2024-04-18
1865,00-0038618,Xavier,Hutchinson,WR,2024-04-18
1866,00-0038619,Andrei,Iosivas,WR,2024-04-18
1867,00-0038621,Demario,Douglas,WR,2024-04-18
1868,00-0038622,Deuce,Vaughn,RB,2024-04-18
1869,00-0038627,Antoine,Green,WR,2024-04-18
1870,00-0038632,Colton,Dowell,WR,2024-04-18
1871,00-0038636,Kenny,McIntosh,RB,2024-04-18
1872,00-0038637,Max,Duggan,QB,2024-04-18
1873,00-0038638,Derek,Parish,RB,2024-04-18
1874,00-0038640,Jalen,Brooks,WR,2024-04-18
1875,00-0038643,Brayden,Willis,TE,2024-04-18
1876,00-0038647,Ronnie,Bell,WR,2024-04-18
1877,00-0038651,Chase,Cota,WR,2024-04-18
1878,00-0038656,Mohamed,Ibrahim,RB,2024-04-18
1879,00-0038658,Adrian,Martinez,QB,2024-04-18
1880,00-0038667,Elijah,Cooks,WR,2024-04-18
1881,00-0038671,Jaray,Jenkins,WR,2024-04-18
1882,00-0038672,Oliver,Martin,WR,2024-04-18
1883,00-0038673,Leonard,Taylor,TE,2024-04-18
1884,00-0038678,Jordan,Mims,RB,2024-04-18
1885,00-0038679,Tyrell,Shavers,WR,2024-04-18
1886,00-0038680,Bryan,Thompson,WR,2024-04-18
1887,00-0038681,Jalen,Wayne,WR,2024-04-18
1888,00-0038683,James,Blackman,QB,2024-04-18
1889,00-0038685,Chris,Brooks,RB,2024-04-18
1890,00-0038687,Chris,Coleman,WR,2024-04-18
1891,00-0038688,Daewood,Davis,WR,2024-04-18
1892,00-0038702,Daniel,Arias,WR,2024-04-18
1893,00-0038705,Emari,Demercado,RB,2024-04-18
1894,00-0038706,Joel,Honigford,TE,2024-04-18
1895,00-0038710,Blake,Whiteheart,TE,2024-04-18
1896,00-0038713,Thomas,Greaney,TE,2024-04-18
1897,00-0038714,Hassan,Hall,RB,2024-04-18
1898,00-0038720,Julian,Hill,TE,2024-04-18
1899,00-0038726,Jesse,Matthews,WR,2024-04-18
1900,00-0038727,Xazavian,Valladay,RB,2024-04-18
1901,00-0038728,Jared,Wayne,WR,2024-04-18
1902,00-0038730,Jose,Barbon,WR,2024-04-18
1903,00-0038734,David,Durden,WR,2024-04-18
1904,00-0038735,Princeton,Fant,TE,2024-04-18
1905,00-0038738,Hunter,Luepke,RB,2024-04-18
1906,00-0038740,Jalen,Moreno-Cropper,WR,2024-04-18
1907,00-0038741,John,Stephens Jr.,WR,2024-04-18
1908,00-0038743,Jordan,Byrd,RB,2024-04-18
1909,00-0038744,Tanner,Morgan,QB,2024-04-18
1910,00-0038748,B.T.,Potter,K,2024-04-18
1911,00-0038749,Holton,Ahlers,QB,2024-04-18
1912,00-0038752,Jake,Bobo,WR,2024-04-18
1913,00-0038758,Noah,Gindorff,TE,2024-04-18
1914,00-0038759,John,Hall,WR,2024-04-18
1915,00-0038760,Griffin,Hebert,WR,2024-04-18
1916,00-0038762,Matt,Landers,WR,2024-04-18
1917,00-0038763,Tyjon,Lindsey,WR,2024-04-18
1918,00-0038777,Camerun,Peoples,RB,2024-04-18
1919,00-0038780,Josh,Vann,WR,2024-04-18
1920,00-0038783,Nate,Adkins,TE,2024-04-18
1921,00-0038789,Taylor,Grimes,WR,2024-04-18
1922,00-0038794,Jaleel,McLaughlin,RB,2024-04-18
1923,00-0038797,Emanuel,Wilson,RB,2024-04-18
1924,00-0038805,Cephus,Johnson III,WR,2024-04-18
1925,00-0038806,Malik,Knowles,WR,2024-04-18
1926,00-0038809,Ben,Sims,TE,2024-04-18
1927,00-0038810,Thayer,Thomas,WR,2024-04-18
1928,00-0038814,Taye,Barber,WR,2024-04-18
1929,00-0038816,Ronnie,Brown,RB,2024-04-18
1930,00-0038821,Rakim,Jarrett,WR,2024-04-18
1931,00-0038824,Ryan,Miller,WR,2024-04-18
1932,00-0038828,Tanner,Taula,TE,2024-04-18
1933,00-0038829,Kade,Warner,WR,2024-04-18
1934,00-0038830,Kazmeir,Allen,WR,2024-04-18
1935,00-0038831,Zion,Bowens,WR,2024-04-18
1936,00-0038839,Mitchell,Tinsley,WR,2024-04-18
1937,00-0038840,Brycen,Tremayne,WR,2024-04-18
1938,00-0038843,Jacob,Copeland,WR,2024-04-18
1939,00-0038844,Tre'Shaun,Harrison,WR,2024-04-18
1940,00-0038860,Terrell,Bynum,WR,2024-04-18
1941,00-0038862,Elijah,Dotson,RB,2024-04-18
1942,00-0038864,Michael,Ezeike,TE,2024-04-18
1943,00-0038867,Tyler,Hoosman,RB,2024-04-18
1944,00-0038873,Ontaria,Wilson,WR,2024-04-18
1945,00-0038875,Jack,Colletto,RB,2024-04-18
1946,00-0038883,Isaiah,Winstead,WR,2024-04-18
1947,00-0038886,Malachi,Carter,WR,2024-04-18
1948,00-0038887,Mac,Hippenhammer,WR,2024-04-18
1949,00-0038891,Shedrick,Jackson,WR,2024-04-18
1950,00-0038896,Jacob,Saylors,RB,2024-04-18
1951,00-0038897,Christian,Trahan,TE,2024-04-18
1952,00-0038898,Calvin,Tyler,RB,2024-04-18
1953,00-0038902,Shaquan,Davis,WR,2024-04-18
1954,00-0038904,Malik,Flowers,WR,2024-04-18
1955,00-0038905,Blake,Grupe,K,2024-04-18
1956,00-0038910,SaRodorick,Thompson Jr.,RB,2024-04-18
1957,00-0038911,Malik,Cunningham,QB,2024-04-18
1958,00-0038913,Johnny,Lumpkin,TE,2024-04-18
1959,00-0038920,John,Samuel Shenker,TE,2024-04-18
1960,00-0038926,Keilahn,Harris,WR,2024-04-18
1961,00-0038928,Xavier,Malone,WR,2024-04-18
1962,00-0038929,Justin,Marshall,WR,2024-04-18
1963,00-0038930,Carlos,Washington,RB,2024-04-18
1964,00-0038933,Dalton,Kincaid,TE,2024-04-18
1965,00-0038935,Brenton,Strange,TE,2024-04-18
1966,00-0038938,Jalin,Hyatt,WR,2024-04-18
1967,00-0038941,Tyler,Scott,WR,2024-04-18
1968,00-0038948,Christian,Sims,TE,2024-04-18
1969,00-0038951,Sean,Tucker,RB,2024-04-18
1970,00-0038953,Dylan,Drummond,WR,2024-04-18
1971,00-0038954,Izaiah,Gathings,WR,2024-04-18
1972,00-0038957,Alfonzo,Graham,RB,2024-04-18
1973,00-0038962,Gavin,Holmes,WR,2024-04-18
1974,00-0038965,Ellis,Merriweather,RB,2024-04-18
1975,00-0038969,Kearis,Jackson,WR,2024-04-18
1976,00-0038976,Marvin,Mims,WR,2024-04-18
1977,00-0038977,Tank,Dell,WR,2024-04-18
1978,00-0038979,Cedric,Tillman,WR,2024-04-18
1979,00-0038994,Jordan,Addison,WR,2024-04-18
1980,00-0038996,Tucker,Kraft,TE,2024-04-18
1981,00-0038997,Josh,Downs,WR,2024-04-18
1982,00-0038998,Jake,Haener,QB,2024-04-18
1983,00-0038999,Jordan,Murray,TE,2024-04-18
1984,00-0039011,Brian,Cobbs,WR,2024-04-18
1985,00-0039021,Roschon,Johnson,RB,2024-04-18
1986,00-0039022,Jadakis,Bonds,WR,2024-04-18
1987,00-0039023,Joel,Wilson,TE,2024-04-18
1988,00-0039032,Tyjae,Spears,RB,2024-04-18
1989,00-0039033,Jerome,Kapp,WR,2024-04-18
1990,00-0039040,De'Von,Achane,RB,2024-04-18
1991,00-0039041,Elijah,Higgins,TE,2024-04-18
1992,00-0039043,Garett,Maag,WR,2024-04-18
1993,00-0039045,Nick,Williams,WR,2024-04-18
1994,00-0039046,DeWayne,McBride,RB,2024-04-18
1995,00-0039050,Payne,Durham,TE,2024-04-18
1996,00-0039052,Trey,Palmer,WR,2024-04-18
1997,00-0039062,Jonathan,Mingo,WR,2024-04-18
1998,00-0039064,Zay,Flowers,WR,2024-04-18
1999,00-0039065,Sam,LaPorta,TE,2024-04-18
2000,00-0039066,Michael,Mayer,TE,2024-04-18
2001,00-0039067,Rashee,Rice,WR,2024-04-18
2002,00-0039074,Davis,Allen,TE,2024-04-18
2003,00-0039075,Puka,Nacua,WR,2024-04-18
2004,00-0039107,Stetson,Bennett,QB,2024-04-18
2005,00-0039136,Zach,Evans,RB,2024-04-18
2006,00-0039139,Jahmyr,Gibbs,RB,2024-04-18
2007,00-0039144,Luke,Musgrave,TE,2024-04-18
2008,00-0039146,Jayden,Reed,WR,2024-04-18
2009,00-0039150,Bryce,Young,QB,2024-04-18
2010,00-0039152,Will,Levis,QB,2024-04-18
2011,00-0039163,C.J.,Stroud,QB,2024-04-18
2012,00-0039164,Anthony,Richardson,QB,2024-04-18
2013,00-0039165,Zach,Charbonnet,RB,2024-04-18
2014,00-0039168,Milton,Wright,WR,2024-04-18
2015,00-0039170,Wayne,Taulapapa,RB,2024-04-18
2016,00-0039186,Avery,Davis,WR,2024-04-18
2017,00-0039188,Lachlan,Pitts,TE,2024-04-18
2018,00-0039191,Aaron,Dykes,RB,2024-04-18